{
  "type": "audio_sklearn",
  "model": "RandomForestClassifier",
  "metrics": {
    "accuracy": 0.9821428571428571,
    "precision": 0.9927007299270073,
    "recall": 0.9714285714285714,
    "f1": 0.9819494584837545,
    "auc": 0.9991772959183673
  },
  "feature_count": 72,
  "train_size": 2240,
  "test_size": 560,
  "classes": [
    "intact",
    "debonded"
  ],
  "created_at": "2026-05-01T23:58:02.520869"
}